{
    "final_value": 9997232.924986307,
    "profit_loss": -2767.075013693422,
    "return_pct": -0.02767075013693221,
    "sharpe_ratio": null,
    "max_drawdown": 0.027670750136934222,
    "total_return": -0.00027674579195366997,
    "avg_return": -7.561360435892622e-07,
    "total_trades": 10585,
    "won_trades": 794,
    "lost_trades": 9790,
    "avg_win": 0.32582368765743114,
    "avg_loss": -0.309040253728294
}